author,date,title,url
lovezzz,3/16,Re: [請益] 房子遺產贈與的問題,/bbs/home-sale/M.1710562364.A.156.html
zwchih,3/16,Re: [心得] 台北市年輕人少到爆？,/bbs/home-sale/M.1710562396.A.D31.html
p890040,3/16,Re: [請益] 房屋貸款選擇,/bbs/home-sale/M.1710562722.A.171.html
tsaosh,3/16,Re: [閒聊] 疫情後，店面的後勢情況,/bbs/home-sale/M.1710563296.A.028.html
randyhwa,3/16,Re: [心得] 台北市年輕人少到爆？,/bbs/home-sale/M.1710564402.A.CB7.html
acer559655,3/16,[新聞] 竹南預售4字頭！單一個案啦,/bbs/home-sale/M.1710564450.A.A0B.html
jerkoffme,3/16,Re: [心得] 台北市年輕人少到爆？,/bbs/home-sale/M.1710564981.A.86B.html
Elmo120,3/16,[買//] 高雄市商辦/三民區/左營區/鼓山區/仁武,/bbs/home-sale/M.1710566483.A.305.html
Jarvis7,3/16,[請益] 新青安貸款+房屋壽險(補充範例),/bbs/home-sale/M.1710568965.A.CA4.html
ha3810996,3/16,[新聞] 建商喊「新青安」是德政！盼政府推5～10,/bbs/home-sale/M.1710568993.A.7F4.html
rolyshow,3/16,[請益] 該買房嗎?,/bbs/home-sale/M.1710574252.A.B54.html
Freighter,3/16,Re: [心得] 台北市年輕人少到爆？,/bbs/home-sale/M.1710574809.A.295.html
blargelp,3/16,Re: [閒聊]  A7 現在還找的到2字頭的建案嗎,/bbs/home-sale/M.1710575738.A.632.html
lohateve,11/20,[公告] 版務公約,/bbs/home-sale/M.1700486631.A.A60.html
poopoo888888,12/14,[閒聊] 我整理了2023第三季 六都房價圖表,/bbs/home-sale/M.1702532990.A.DDB.html
lohateve,1/11,[公告] 2024.01月置底版務、檢舉文,/bbs/home-sale/M.1704955981.A.7B6.html
lohateve,1/14,[公告] 新增版務公約,/bbs/home-sale/M.1705220294.A.146.html
-,3/15,,
SimonJones,3/15,[買/新竹縣/竹北] 科大區三房,/bbs/home-sale/M.1710508348.A.B62.html
eddisontw,3/15,Re: [請益] 桃園大園_客運園區,/bbs/home-sale/M.1710509188.A.BD4.html
Wyvern,3/15,[請益] 過戶後履保撥款疑問,/bbs/home-sale/M.1710510107.A.10F.html
scitamehtam,3/15,[新聞] 桃園四區推案熱 北台灣一枝獨秀,/bbs/home-sale/M.1710510179.A.51E.html
lienchi,3/15,Re: [閒聊] 央行21號如果開小怎麼辦?,/bbs/home-sale/M.1710511328.A.2B9.html
xxox,3/15,[請益] 大台北雙車位的房子好賣嗎?,/bbs/home-sale/M.1710513801.A.63F.html
a9202507,3/15,Re: [請益] 買房大樓管理主任收2%是否合理,/bbs/home-sale/M.1710514291.A.D75.html
andy2541,3/15,[心得] 台中畢業文,/bbs/home-sale/M.1710515945.A.EA9.html
doen78325,3/15,[請益] 新竹牛埔新古屋行情,/bbs/home-sale/M.1710516400.A.FA2.html
letpeace,3/16,Re: [請益] 情侶不結婚買房登記如何保障雙方權益?,/bbs/home-sale/M.1710519055.A.088.html
RealID2018,3/16,Re: [請益] 情侶不結婚買房登記如何保障雙方權益?,/bbs/home-sale/M.1710520672.A.C60.html
tsaosh,3/16,[閒聊] 烏日高鐵西側即景,/bbs/home-sale/M.1710548297.A.8CB.html
billbigd,3/16,[請益] 遠雄建設VS勝美建設,/bbs/home-sale/M.1710556219.A.4EC.html
xa9277178,3/16,[請益] 房子遺產贈與的問題,/bbs/home-sale/M.1710556545.A.9F1.html
comicduo,3/16,Re: [請益] 情侶不結婚買房登記如何保障雙方權益?,/bbs/home-sale/M.1710556666.A.5BB.html
scitamehtam,3/16,[心得] 台北市年輕人少到爆？,/bbs/home-sale/M.1710558327.A.EFD.html
NovaShin,3/16,Re: [心得] 台北市年輕人少到爆？,/bbs/home-sale/M.1710560503.A.2DE.html
adam7749,3/16,Re: [請益] 情侶不結婚買房登記如何保障雙方權益?,/bbs/home-sale/M.1710561174.A.6F6.html
grotwpig645,3/16,[閒聊] 高鐵投資選嘉義太保還是台中烏日,/bbs/home-sale/M.1710562123.A.107.html
yitetsai,3/15,[賣//] 瑞隆商圈高樓景觀3+1房車位,/bbs/home-sale/M.1710482973.A.14F.html
mrqmon,3/15,[社區] 台南北區_都會小館,/bbs/home-sale/M.1710485093.A.F8C.html
mrqmon,3/15,[賣/台南/東區]孩子放心上學南紡明星學區電梯6房,/bbs/home-sale/M.1710485432.A.D29.html
bornwinner,3/15,[閒聊] 央行21號如果開小怎麼辦?,/bbs/home-sale/M.1710485626.A.B43.html
pxycho,3/15,Re: [閒聊] 股價漲應該高興  那房價漲不就更合理,/bbs/home-sale/M.1710487227.A.D24.html
ha3810996,3/15,[新聞] 綠委指房價沒有軟著陸 批央行「物價、房,/bbs/home-sale/M.1710487312.A.AB4.html
zeroyaking,3/15,[社區] 台南東區_空中別墅電梯大樓,/bbs/home-sale/M.1710490229.A.5AE.html
-,3/15,,
zeroyaking,3/15,[賣/台南/中西區]金華商圈復古老屋透天金店面,/bbs/home-sale/M.1710490397.A.D85.html
acqq,3/15,[請益] 房貸付完，可以只申請清償證明嗎？,/bbs/home-sale/M.1710492200.A.9D4.html
NovaShin,3/15,Re: [新聞] 綠委指房價沒有軟著陸 批央行「物價、房,/bbs/home-sale/M.1710492468.A.8D3.html
dog00730,3/15,[新聞] 南屯老牌千坪婚宴會館救不回 建商砸34億,/bbs/home-sale/M.1710493198.A.6CF.html
qazwsx9006,3/15,[請益] 房屋貸款選擇,/bbs/home-sale/M.1710493670.A.F88.html
fanrei,3/15,[請益] 假的大理石建材正常嗎?,/bbs/home-sale/M.1710501137.A.2F1.html
link5566,3/15,[新聞] 周子瑜雙親台北買房被直擊 看中2大不敗,/bbs/home-sale/M.1710501480.A.A9B.html
GUANGLEI,3/15,[新聞] 高鐵嘉義站旁開發案27日簽約 華泰Outlet,/bbs/home-sale/M.1710501967.A.F76.html
TyuzuChou,3/15,[新聞] 林右昌出席代銷全聯會　肯定新青安政策「,/bbs/home-sale/M.1710504081.A.FB9.html
k2657,3/15,[請益] 還沒交屋就漏水？,/bbs/home-sale/M.1710504359.A.732.html
fairy526,3/15,[賣/桃園/桃園]武陵高中旁公寓$428萬 ,/bbs/home-sale/M.1710505877.A.37D.html
-,3/15,,
menace,3/15,Re: [閒聊] 股價漲應該高興  那房價漲不就更合理,/bbs/home-sale/M.1710459321.A.301.html
D9418818,3/15,[請益] 銀行初估可轉增貸金額？,/bbs/home-sale/M.1710462258.A.348.html
menace,3/15,Re: [閒聊] 投資買低賣高被說貪心？,/bbs/home-sale/M.1710463273.A.DAF.html
oooo,3/15,Re: [閒聊] 投資買低賣高被說貪心？,/bbs/home-sale/M.1710467804.A.751.html
dindon0320,3/15,[社區] 新竹竹北-禾水岸,/bbs/home-sale/M.1710469822.A.8A4.html
dindon0320,3/15,[賣/新竹/關西]台三線國道8米大面寬社區型透天,/bbs/home-sale/M.1710469932.A.EFB.html
humbler,3/15,[請益] 房市管制加碼後的操作？,/bbs/home-sale/M.1710470290.A.704.html
NovaShin,3/15,Re: [請益] 雙北商辦真的會帶動房價嗎?,/bbs/home-sale/M.1710472879.A.33B.html
grotwpig645,3/15,[閒聊] 社工買得起房嗎？,/bbs/home-sale/M.1710472962.A.ADA.html
facebrook,3/15,[賣/台北/信義] 六張犁邊間頂家美寓|高投報,/bbs/home-sale/M.1710473004.A.FC8.html
facebrook,3/15,[社區] 台北信義_信邑,/bbs/home-sale/M.1710473861.A.CD3.html
jemdogdog,3/15,[新聞] 韓國瑜共提國6東延、環島高鐵 藍營人士,/bbs/home-sale/M.1710475576.A.459.html
spermbox,3/15,Re: [閒聊] 投資買低賣高被說貪心？,/bbs/home-sale/M.1710476384.A.C4D.html
lakers1204,3/15,[賣/新北/林口]藝樹家三改二房車 ,/bbs/home-sale/M.1710478261.A.6C1.html
noga,3/15,[請益] 情侶不結婚買房登記如何保障雙方權益?,/bbs/home-sale/M.1710479019.A.794.html
blargelp,3/15,[閒聊] 預售案後進買家484幫前面的付通膨營建成,/bbs/home-sale/M.1710479560.A.534.html
abdetom,3/15,[請益] 10坪內的小套房貸款銀行,/bbs/home-sale/M.1710479638.A.68D.html
MildSeven7,3/15,[賣/新北/土城]捷運土城站裝潢電梯兩房1590萬 ,/bbs/home-sale/M.1710479827.A.292.html
aher2600,3/15,Re: [閒聊] 股價漲應該高興  那房價漲不就更合理,/bbs/home-sale/M.1710480648.A.19C.html
lovezzz,3/15,Re: [請益] 情侶不結婚買房登記如何保障雙方權益?,/bbs/home-sale/M.1710482340.A.D35.html
author,date,title,url
lovezzz,3/16,Re: [請益] 房子遺產贈與的問題,/bbs/home-sale/M.1710562364.A.156.html
zwchih,3/16,Re: [心得] 台北市年輕人少到爆？,/bbs/home-sale/M.1710562396.A.D31.html
p890040,3/16,Re: [請益] 房屋貸款選擇,/bbs/home-sale/M.1710562722.A.171.html
tsaosh,3/16,Re: [閒聊] 疫情後，店面的後勢情況,/bbs/home-sale/M.1710563296.A.028.html
randyhwa,3/16,Re: [心得] 台北市年輕人少到爆？,/bbs/home-sale/M.1710564402.A.CB7.html
acer559655,3/16,[新聞] 竹南預售4字頭！單一個案啦,/bbs/home-sale/M.1710564450.A.A0B.html
jerkoffme,3/16,Re: [心得] 台北市年輕人少到爆？,/bbs/home-sale/M.1710564981.A.86B.html
Elmo120,3/16,[買//] 高雄市商辦/三民區/左營區/鼓山區/仁武,/bbs/home-sale/M.1710566483.A.305.html
Jarvis7,3/16,[請益] 新青安貸款+房屋壽險(補充範例),/bbs/home-sale/M.1710568965.A.CA4.html
ha3810996,3/16,[新聞] 建商喊「新青安」是德政！盼政府推5～10,/bbs/home-sale/M.1710568993.A.7F4.html
rolyshow,3/16,[請益] 該買房嗎?,/bbs/home-sale/M.1710574252.A.B54.html
Freighter,3/16,Re: [心得] 台北市年輕人少到爆？,/bbs/home-sale/M.1710574809.A.295.html
blargelp,3/16,Re: [閒聊]  A7 現在還找的到2字頭的建案嗎,/bbs/home-sale/M.1710575738.A.632.html
lohateve,11/20,[公告] 版務公約,/bbs/home-sale/M.1700486631.A.A60.html
poopoo888888,12/14,[閒聊] 我整理了2023第三季 六都房價圖表,/bbs/home-sale/M.1702532990.A.DDB.html
lohateve,1/11,[公告] 2024.01月置底版務、檢舉文,/bbs/home-sale/M.1704955981.A.7B6.html
lohateve,1/14,[公告] 新增版務公約,/bbs/home-sale/M.1705220294.A.146.html
-,3/15,,
SimonJones,3/15,[買/新竹縣/竹北] 科大區三房,/bbs/home-sale/M.1710508348.A.B62.html
eddisontw,3/15,Re: [請益] 桃園大園_客運園區,/bbs/home-sale/M.1710509188.A.BD4.html
Wyvern,3/15,[請益] 過戶後履保撥款疑問,/bbs/home-sale/M.1710510107.A.10F.html
scitamehtam,3/15,[新聞] 桃園四區推案熱 北台灣一枝獨秀,/bbs/home-sale/M.1710510179.A.51E.html
lienchi,3/15,Re: [閒聊] 央行21號如果開小怎麼辦?,/bbs/home-sale/M.1710511328.A.2B9.html
xxox,3/15,[請益] 大台北雙車位的房子好賣嗎?,/bbs/home-sale/M.1710513801.A.63F.html
a9202507,3/15,Re: [請益] 買房大樓管理主任收2%是否合理,/bbs/home-sale/M.1710514291.A.D75.html
andy2541,3/15,[心得] 台中畢業文,/bbs/home-sale/M.1710515945.A.EA9.html
doen78325,3/15,[請益] 新竹牛埔新古屋行情,/bbs/home-sale/M.1710516400.A.FA2.html
letpeace,3/16,Re: [請益] 情侶不結婚買房登記如何保障雙方權益?,/bbs/home-sale/M.1710519055.A.088.html
RealID2018,3/16,Re: [請益] 情侶不結婚買房登記如何保障雙方權益?,/bbs/home-sale/M.1710520672.A.C60.html
tsaosh,3/16,[閒聊] 烏日高鐵西側即景,/bbs/home-sale/M.1710548297.A.8CB.html
billbigd,3/16,[請益] 遠雄建設VS勝美建設,/bbs/home-sale/M.1710556219.A.4EC.html
xa9277178,3/16,[請益] 房子遺產贈與的問題,/bbs/home-sale/M.1710556545.A.9F1.html
comicduo,3/16,Re: [請益] 情侶不結婚買房登記如何保障雙方權益?,/bbs/home-sale/M.1710556666.A.5BB.html
scitamehtam,3/16,[心得] 台北市年輕人少到爆？,/bbs/home-sale/M.1710558327.A.EFD.html
NovaShin,3/16,Re: [心得] 台北市年輕人少到爆？,/bbs/home-sale/M.1710560503.A.2DE.html
adam7749,3/16,Re: [請益] 情侶不結婚買房登記如何保障雙方權益?,/bbs/home-sale/M.1710561174.A.6F6.html
grotwpig645,3/16,[閒聊] 高鐵投資選嘉義太保還是台中烏日,/bbs/home-sale/M.1710562123.A.107.html
yitetsai,3/15,[賣//] 瑞隆商圈高樓景觀3+1房車位,/bbs/home-sale/M.1710482973.A.14F.html
mrqmon,3/15,[社區] 台南北區_都會小館,/bbs/home-sale/M.1710485093.A.F8C.html
mrqmon,3/15,[賣/台南/東區]孩子放心上學南紡明星學區電梯6房,/bbs/home-sale/M.1710485432.A.D29.html
bornwinner,3/15,[閒聊] 央行21號如果開小怎麼辦?,/bbs/home-sale/M.1710485626.A.B43.html
pxycho,3/15,Re: [閒聊] 股價漲應該高興  那房價漲不就更合理,/bbs/home-sale/M.1710487227.A.D24.html
ha3810996,3/15,[新聞] 綠委指房價沒有軟著陸 批央行「物價、房,/bbs/home-sale/M.1710487312.A.AB4.html
zeroyaking,3/15,[社區] 台南東區_空中別墅電梯大樓,/bbs/home-sale/M.1710490229.A.5AE.html
-,3/15,,
zeroyaking,3/15,[賣/台南/中西區]金華商圈復古老屋透天金店面,/bbs/home-sale/M.1710490397.A.D85.html
acqq,3/15,[請益] 房貸付完，可以只申請清償證明嗎？,/bbs/home-sale/M.1710492200.A.9D4.html
NovaShin,3/15,Re: [新聞] 綠委指房價沒有軟著陸 批央行「物價、房,/bbs/home-sale/M.1710492468.A.8D3.html
dog00730,3/15,[新聞] 南屯老牌千坪婚宴會館救不回 建商砸34億,/bbs/home-sale/M.1710493198.A.6CF.html
qazwsx9006,3/15,[請益] 房屋貸款選擇,/bbs/home-sale/M.1710493670.A.F88.html
fanrei,3/15,[請益] 假的大理石建材正常嗎?,/bbs/home-sale/M.1710501137.A.2F1.html
link5566,3/15,[新聞] 周子瑜雙親台北買房被直擊 看中2大不敗,/bbs/home-sale/M.1710501480.A.A9B.html
GUANGLEI,3/15,[新聞] 高鐵嘉義站旁開發案27日簽約 華泰Outlet,/bbs/home-sale/M.1710501967.A.F76.html
TyuzuChou,3/15,[新聞] 林右昌出席代銷全聯會　肯定新青安政策「,/bbs/home-sale/M.1710504081.A.FB9.html
k2657,3/15,[請益] 還沒交屋就漏水？,/bbs/home-sale/M.1710504359.A.732.html
fairy526,3/15,[賣/桃園/桃園]武陵高中旁公寓$428萬 ,/bbs/home-sale/M.1710505877.A.37D.html
-,3/15,,
menace,3/15,Re: [閒聊] 股價漲應該高興  那房價漲不就更合理,/bbs/home-sale/M.1710459321.A.301.html
D9418818,3/15,[請益] 銀行初估可轉增貸金額？,/bbs/home-sale/M.1710462258.A.348.html
menace,3/15,Re: [閒聊] 投資買低賣高被說貪心？,/bbs/home-sale/M.1710463273.A.DAF.html
oooo,3/15,Re: [閒聊] 投資買低賣高被說貪心？,/bbs/home-sale/M.1710467804.A.751.html
dindon0320,3/15,[社區] 新竹竹北-禾水岸,/bbs/home-sale/M.1710469822.A.8A4.html
dindon0320,3/15,[賣/新竹/關西]台三線國道8米大面寬社區型透天,/bbs/home-sale/M.1710469932.A.EFB.html
humbler,3/15,[請益] 房市管制加碼後的操作？,/bbs/home-sale/M.1710470290.A.704.html
NovaShin,3/15,Re: [請益] 雙北商辦真的會帶動房價嗎?,/bbs/home-sale/M.1710472879.A.33B.html
grotwpig645,3/15,[閒聊] 社工買得起房嗎？,/bbs/home-sale/M.1710472962.A.ADA.html
facebrook,3/15,[賣/台北/信義] 六張犁邊間頂家美寓|高投報,/bbs/home-sale/M.1710473004.A.FC8.html
facebrook,3/15,[社區] 台北信義_信邑,/bbs/home-sale/M.1710473861.A.CD3.html
jemdogdog,3/15,[新聞] 韓國瑜共提國6東延、環島高鐵 藍營人士,/bbs/home-sale/M.1710475576.A.459.html
spermbox,3/15,Re: [閒聊] 投資買低賣高被說貪心？,/bbs/home-sale/M.1710476384.A.C4D.html
lakers1204,3/15,[賣/新北/林口]藝樹家三改二房車 ,/bbs/home-sale/M.1710478261.A.6C1.html
noga,3/15,[請益] 情侶不結婚買房登記如何保障雙方權益?,/bbs/home-sale/M.1710479019.A.794.html
blargelp,3/15,[閒聊] 預售案後進買家484幫前面的付通膨營建成,/bbs/home-sale/M.1710479560.A.534.html
abdetom,3/15,[請益] 10坪內的小套房貸款銀行,/bbs/home-sale/M.1710479638.A.68D.html
MildSeven7,3/15,[賣/新北/土城]捷運土城站裝潢電梯兩房1590萬 ,/bbs/home-sale/M.1710479827.A.292.html
aher2600,3/15,Re: [閒聊] 股價漲應該高興  那房價漲不就更合理,/bbs/home-sale/M.1710480648.A.19C.html
lovezzz,3/15,Re: [請益] 情侶不結婚買房登記如何保障雙方權益?,/bbs/home-sale/M.1710482340.A.D35.html
